{
  "doc-a944a8498b24b28ae36f76b03a3ff9a0": {
    "entity_names": [
      "10.67246342",
      "9.92091465",
      "10.17289257",
      "7.73392439",
      "7.86196613",
      "9.56852913",
      "10.05355549",
      "10.11911297",
      "10.15950489",
      "10.27364159",
      "9.8851881",
      "7.33203077",
      "9.4852438",
      "7.09477043",
      "9.51042366",
      "6.92670012",
      "9.79773045",
      "10.26057911",
      "8.26966286",
      "8.24087811",
      "Argentina",
      "11.00910187",
      "8.22001076",
      "7.70940399"
    ],
    "count": 24,
    "create_time": 1774865120,
    "update_time": 1774865120,
    "_id": "doc-a944a8498b24b28ae36f76b03a3ff9a0"
  },
  "doc-48931f47519811e7a13895bdd0f58fdb": {
    "entity_names": [
      "10.25421429",
      "8.54273987",
      "10.51612186",
      "10.70324135",
      "10.10880566",
      "Australia",
      "8.7465601",
      "10.08907509",
      "7.67391729",
      "7.58869076",
      "7.9648633",
      "8.53425312",
      "7.87659502",
      "10.13642025",
      "9.82833862",
      "7.87221003",
      "8.0517149",
      "8.24737453",
      "10.08958244",
      "9.89226055",
      "8.4193306",
      "8.67020702",
      "8.08257675",
      "7.97161102"
    ],
    "count": 24,
    "create_time": 1774865130,
    "update_time": 1774865130,
    "_id": "doc-48931f47519811e7a13895bdd0f58fdb"
  },
  "doc-de345a38aa57b021add00f7452ad8231": {
    "entity_names": [
      "9.61449146",
      "8.69686985",
      "8.18899441",
      "9.63646507",
      "8.33457184",
      "9.62326527",
      "7.9766016",
      "7.94516611",
      "8.01128483",
      "9.38739491",
      "7.78819132",
      "8.20182991",
      "8.54963303",
      "9.47125053",
      "8.39480495",
      "Brazil",
      "8.39644146",
      "7.73637724",
      "8.03539562",
      "9.16901684",
      "8.12491989",
      "8.24952507",
      "8.90929985",
      "9.46475029"
    ],
    "count": 24,
    "create_time": 1774865140,
    "update_time": 1774865140,
    "_id": "doc-de345a38aa57b021add00f7452ad8231"
  },
  "doc-3d4d266ba67fd9a62a4e366c71aaf523": {
    "entity_names": [
      "Canada",
      "10.43559265",
      "12.38106632",
      "9.33188725",
      "10.9242115",
      "13.01732922",
      "9.06623363",
      "11.04823494",
      "11.08119678",
      "9.59427929",
      "9.01086521",
      "10.5407114",
      "10.70066547",
      "10.76397896",
      "9.4346962",
      "10.70402527",
      "9.03529835",
      "8.24808502",
      "10.28115654",
      "8.85665226",
      "11.05626965",
      "10.40518665",
      "8.62476349",
      "10.92262077"
    ],
    "count": 24,
    "create_time": 1774865150,
    "update_time": 1774865150,
    "_id": "doc-3d4d266ba67fd9a62a4e366c71aaf523"
  },
  "doc-ac8d22948609eb52ceead3d00f325514": {
    "entity_names": [
      "5.88078785",
      "China",
      "4.15821123",
      "4.9695034",
      "4.35460472",
      "3.83627748",
      "4.85367584",
      "5.25590324",
      "4.32156181",
      "4.19752026",
      "4.26719379",
      "3.88655019",
      "4.63882637",
      "5.26516867",
      "4.22949076",
      "4.11230803",
      "4.69880247",
      "4.49046612",
      "5.50441837",
      "5.06933308",
      "3.61737728",
      "4.4535861",
      "4.27631998",
      "4.88338089"
    ],
    "count": 24,
    "create_time": 1774865160,
    "update_time": 1774865160,
    "_id": "doc-ac8d22948609eb52ceead3d00f325514"
  },
  "doc-2f014fd408b034397b4dd0e521f55fb4": {
    "entity_names": [
      "6.33546638",
      "9.14150524",
      "7.52338505",
      "5.79892111",
      "7.71777487",
      "7.07130194",
      "7.01724052",
      "7.53117037",
      "6.78076792",
      "7.83404827",
      "5.77505445",
      "6.49102163",
      "5.63529348",
      "8.69751263",
      "Colombia",
      "6.06710577",
      "7.18553209",
      "5.94238281",
      "6.84192181",
      "7.67864323",
      "7.31134558",
      "5.73296595",
      "6.74601603",
      "7.59037256"
    ],
    "count": 24,
    "create_time": 1774865171,
    "update_time": 1774865171,
    "_id": "doc-2f014fd408b034397b4dd0e521f55fb4"
  },
  "doc-3c95dfc57746a62f36a097e3dc699016": {
    "entity_names": [
      "4.84190083",
      "4.44493246",
      "4.15384626",
      "4.60955143",
      "5.06153202",
      "4.5994668",
      "4.77415323",
      "5.40030336",
      "5.34661913",
      "4.92244291",
      "4.15319157",
      "4.45891809",
      "4.35707569",
      "Egypt, Arab Rep.",
      "4.92229176",
      "5.2242527",
      "4.74892998",
      "4.85732365",
      "4.46634817",
      "5.5107379",
      "4.37870932",
      "4.6710043",
      "4.72362804",
      "5.07462406"
    ],
    "count": 24,
    "create_time": 1774865182,
    "update_time": 1774865182,
    "_id": "doc-3c95dfc57746a62f36a097e3dc699016"
  },
  "doc-45a53c2b3a9e80524a8ff25c9ffa2069": {
    "entity_names": [
      "11.57935429",
      "10.2117033",
      "10.23720551",
      "11.22430801",
      "11.37891197",
      "11.33749485",
      "12.24894238",
      "10.08250141",
      "10.33418846",
      "11.30847645",
      "10.39764977",
      "11.17058277",
      "10.13474941",
      "11.50032997",
      "11.82888794",
      "11.44944572",
      "9.75719261",
      "11.57036018",
      "10.51340675",
      "France",
      "12.12949371",
      "11.29095459",
      "11.17601013",
      "9.61744022"
    ],
    "count": 24,
    "create_time": 1774865194,
    "update_time": 1774865194,
    "_id": "doc-45a53c2b3a9e80524a8ff25c9ffa2069"
  },
  "doc-a4e31f673820a1f671bfecf0232779d8": {
    "entity_names": [
      "10.59356213",
      "10.8311739",
      "9.83482933",
      "9.78105545",
      "10.22255325",
      "9.97466278",
      "10.1068058",
      "10.76819706",
      "10.03185749",
      "11.05091095",
      "10.7432127",
      "10.97003078",
      "9.75930405",
      "12.44708347",
      "10.52106953",
      "12.46780777",
      "11.42805386",
      "10.028965",
      "10.92317677",
      "12.72403336",
      "11.18380833",
      "10.97133732",
      "Germany",
      "9.96236897"
    ],
    "count": 24,
    "create_time": 1774865204,
    "update_time": 1774865204,
    "_id": "doc-a4e31f673820a1f671bfecf0232779d8"
  },
  "doc-c4590216d9955edbb42f6b4549e92d75": {
    "entity_names": [
      "3.61956549",
      "2.93597651",
      "3.34680939",
      "4.10568476",
      "3.58856082",
      "3.34146094",
      "4.31453371",
      "3.66901541",
      "4.07877731",
      "4.33754253",
      "4.02679491",
      "3.32935286",
      "3.85508275",
      "2.8584938",
      "3.59565973",
      "3.58103991",
      "3.50430417",
      "3.74944186",
      "India",
      "3.33625913",
      "3.54637694",
      "2.95299792",
      "3.24634218",
      "3.39623499"
    ],
    "count": 24,
    "create_time": 1774865215,
    "update_time": 1774865215,
    "_id": "doc-c4590216d9955edbb42f6b4549e92d75"
  },
  "doc-0f13d23c5b6468628fb8903d74df25b5": {
    "entity_names": [
      "2.87862897",
      "3.02147198",
      "2.7908783",
      "2.69389749",
      "2.86757827",
      "1.85297656",
      "2.86934805",
      "2.11850214",
      "Indonesia",
      "2.98942471",
      "2.82385564",
      "2.96433568",
      "2.24837184",
      "1.98062706",
      "3.70634937",
      "2.91427088",
      "2.53189397",
      "2.61946416",
      "2.92428517",
      "2.90417194",
      "2.12002277",
      "3.42067289",
      "2.62324095",
      "2.54842305"
    ],
    "count": 24,
    "create_time": 1774865225,
    "update_time": 1774865225,
    "_id": "doc-0f13d23c5b6468628fb8903d74df25b5"
  },