{
  "WHO Life Expectancy": {
    "sge": {
      "ec": 1.0,
      "fc": 1.0,
      "ci": [
        1.0,
        1.0
      ],
      "matched": 300,
      "total": 300
    },
    "baseline": {
      "ec": 0.94,
      "fc": 0.17,
      "ci": [
        0.13,
        0.21
      ],
      "matched": 51,
      "total": 300
    },
    "wilcoxon": {
      "W": 1275.0,
      "Z": 6.154,
      "p": 2.2805220935102604e-10,
      "p_bonf": 9.122088374041042e-10,
      "r": 0.87,
      "n": 50,
      "n_nonzero": 50,
      "effect": "large"
    },
    "ratio": 5.88
  },
  "WB Child Mortality": {
    "sge": {
      "ec": 1.0,
      "fc": 1.0,
      "ci": [
        1.0,
        1.0
      ],
      "matched": 300,
      "total": 300
    },
    "baseline": {
      "ec": 0.66,
      "fc": 0.43333333333333335,
      "ci": [
        0.37325,
        0.49
      ],
      "matched": 130,
      "total": 300
    },
    "wilcoxon": {
      "W": 780.0,
      "Z": 5.442,
      "p": 1.6864587789062816e-08,
      "p_bonf": 6.745835115625126e-08,
      "r": 0.871,
      "n": 50,
      "n_nonzero": 39,
      "effect": "large"
    },
    "ratio": 2.31
  },
  "WB Population": {
    "sge": {
      "ec": 1.0,
      "fc": 1.0,
      "ci": [
        1.0,
        1.0
      ],
      "matched": 300,
      "total": 300
    },
    "baseline": {
      "ec": 0.84,
      "fc": 0.13333333333333333,
      "ci": [
        0.09666666666666666,
        0.17333333333333334
      ],
      "matched": 40,
      "total": 300
    },
    "wilcoxon": {
      "W": 990.0,
      "Z": 5.777,
      "p": 4.0211156965874714e-11,
      "p_bonf": 1.6084462786349886e-10,
      "r": 0.871,
      "n": 50,
      "n_nonzero": 44,
      "effect": "large"
    },
    "ratio": 7.5
  },
  "WB Maternal": {
    "sge": {
      "ec": 1.0,
      "fc": 0.9733333333333334,
      "ci": [
        0.9533333333333334,
        0.99
      ],
      "matched": 292,
      "total": 300
    },
    "baseline": {
      "ec": 0.98,
      "fc": 0.82,
      "ci": [
        0.7765833333333333,
        0.86
      ],
      "matched": 246,
      "total": 300
    },
    "wilcoxon": {
      "W": 154.0,
      "Z": 2.983,
      "p": 0.001362863652126853,
      "p_bonf": 0.005451454608507412,
      "r": 0.703,
      "n": 50,
      "n_nonzero": 18,
      "effect": "large"
    },
    "ratio": 1.19
  }
}