{
  "doc-8806cb1f0242d39a89080d54d44c8be1": {
    "entity_names": [
      "59.12690224",
      "60.39366208",
      "57.9008556",
      "59.54863714",
      "60.48797975",
      "56.47652053",
      "58.52946588",
      "61.22381311",
      "56.08520691",
      "60.8752198",
      "53.91018761",
      "AFG",
      "57.2548387",
      "55.15447775",
      "53.82332641",
      "60.42859204",
      "56.992143",
      "60.49099642",
      "59.92210578",
      "59.00377167",
      "60.43497705",
      "56.79050349",
      "60.32951348"
    ],
    "count": 23,
    "create_time": 1774695948,
    "update_time": 1774695948,
    "_id": "doc-8806cb1f0242d39a89080d54d44c8be1"
  },
  "doc-ac0a854cb770624611b6d370fe0ea6a8": {
    "entity_names": [
      "63.55243899",
      "62.45046693",
      "63.36220568",
      "54.8859284",
      "64.16988115",
      "AFR",
      "61.97191179",
      "63.77580177",
      "60.93267407",
      "61.51649833",
      "54.27104176",
      "59.57096304",
      "63.96143556",
      "55.63713976",
      "58.09440209",
      "53.46919051",
      "62.92447284",
      "60.26246615",
      "56.4398241",
      "58.84133306",
      "53.8387504",
      "57.29451181",
      "52.98151168"
    ],
    "count": 23,
    "create_time": 1774695956,
    "update_time": 1774695956,
    "_id": "doc-ac0a854cb770624611b6d370fe0ea6a8"
  },
  "doc-c031d9399f78a3df4465d1c247ac86a2": {
    "entity_names": [
      "62.13113467",
      "62.03682911",
      "49.36774351",
      "54.27926946",
      "57.96461105",
      "56.22016209",
      "61.84956314",
      "57.07394875",
      "51.05750193",
      "55.35489997",
      "58.75334146",
      "61.59307464",
      "53.34585395",
      "62.27158067",
      "52.3558271",
      "61.13534716",
      "AGO",
      "51.74053195",
      "50.06036648",
      "62.49147407",
      "60.21682799",
      "59.46233734",
      "62.64827403"
    ],
    "count": 23,
    "create_time": 1774695963,
    "update_time": 1774695963,
    "_id": "doc-c031d9399f78a3df4465d1c247ac86a2"
  },
  "doc-4c1c939aedd546d74b9dd465ddca0281": {
    "entity_names": [
      "77.77410839",
      "77.9406744",
      "77.34194982",
      "77.91038596",
      "74.22366059",
      "ALB",
      "74.20683098",
      "75.48885772",
      "76.21290189",
      "78.01445206",
      "77.87870915",
      "73.68285742",
      "76.39089034",
      "75.42557931",
      "74.94215534",
      "76.53104591",
      "76.04202157",
      "77.76638448",
      "76.61868023",
      "77.93851855",
      "75.55770059",
      "74.9883157",
      "74.53678554"
    ],
    "count": 23,
    "create_time": 1774695969,
    "update_time": 1774695969,
    "_id": "doc-4c1c939aedd546d74b9dd465ddca0281"
  },
  "doc-da1495f6f5ab9677906f9fa4f1397319": {
    "entity_names": [
      "77.07402622",
      "75.79804084",
      "76.98308457",
      "76.46212795",
      "76.79070798",
      "76.16933635",
      "76.8394961",
      "75.0691549",
      "76.62675954",
      "76.70935415",
      "75.07444467",
      "74.11268797",
      "76.83106727",
      "74.0865499",
      "74.50152763",
      "AMR",
      "74.30398059",
      "75.93790985",
      "75.62335043",
      "76.73116014",
      "75.28865511",
      "75.82834415",
      "74.69714507"
    ],
    "count": 23,
    "create_time": 1774695977,
    "update_time": 1774695977,
    "_id": "doc-da1495f6f5ab9677906f9fa4f1397319"
  },
  "doc-293c96878eb31443e9675e070fbf3f70": {
    "entity_names": [
      "80.64754288",
      "78.30645695",
      "78.5604186",
      "80.30618497",
      "80.71356774",
      "80.56393138",
      "80.5952165",
      "78.11838329",
      "78.35124382",
      "78.88949949",
      "78.27568092",
      "80.1312721",
      "80.25767057",
      "80.7993244",
      "79.38497277",
      "80.92702059",
      "ARE",
      "81.41096307",
      "80.78348374",
      "81.16639668",
      "80.73659279",
      "80.45344335",
      "80.09096187"
    ],
    "count": 23,
    "create_time": 1774695985,
    "update_time": 1774695985,
    "_id": "doc-293c96878eb31443e9675e070fbf3f70"
  },
  "doc-c810e57cb68dfe5a89e83d441464ca29": {
    "entity_names": [
      "75.25530861",
      "75.94927296",
      "76.51452536",
      "76.5300965",
      "74.2583112",
      "76.88825006",
      "75.5327089",
      "74.90566583",
      "76.20888199",
      "ARG",
      "75.85194237",
      "75.69496821",
      "74.25492535",
      "76.1760553",
      "77.01582731",
      "74.27061688",
      "75.76938267",
      "75.05610078",
      "76.64354126",
      "76.22884718",
      "76.12474817",
      "74.28695107",
      "74.56898059"
    ],
    "count": 23,
    "create_time": 1774695994,
    "update_time": 1774695994,
    "_id": "doc-c810e57cb68dfe5a89e83d441464ca29"
  },
  "doc-f05fddbd542c4022d46c91dbf0856650": {
    "entity_names": [
      "72.48685716",
      "75.66635568",
      "74.19757704",
      "72.73278531",
      "71.62172824",
      "74.18785118",
      "73.01384261",
      "73.66922093",
      "73.30611739",
      "72.53070418",
      "71.58333169",
      "75.18435169",
      "71.79061149",
      "74.27859114",
      "71.70802942",
      "69.32859192",
      "72.03083518",
      "72.98458202",
      "74.40594896",
      "72.0117653",
      "72.0754129",
      "75.62030513",
      "ARM"
    ],
    "count": 23,
    "create_time": 1774696001,
    "update_time": 1774696001,
    "_id": "doc-f05fddbd542c4022d46c91dbf0856650"
  },
  "doc-06e087d82d97a903c64105385be1ff6c": {
    "entity_names": [
      "75.62352245",
      "75.05552794",
      "75.65878463",
      "75.53604558",
      "ATG",
      "75.71757904",
      "74.99067045",
      "75.51285045",
      "75.66312684",
      "75.21279447",
      "75.54812509",
      "75.59206584",
      "75.54507792",
      "75.37748429",
      "75.565575",
      "74.95910853",
      "75.57823922",
      "76.91527032",
      "75.61540401",
      "74.69656338",
      "74.39228457",
      "75.62067241",
      "77.61326031"
    ],
    "count": 23,
    "create_time": 1774696009,
    "update_time": 1774696009,
    "_id": "doc-06e087d82d97a903c64105385be1ff6c"
  },
  "doc-c68a9630007a7f26ed6991554c7295df": {
    "entity_names": [
      "83.36758916",
      "79.69831946",
      "83.02313357",
      "80.56634063",
      "82.46342447",
      "81.93172968",
      "AUS",
      "82.27247326",
      "82.287472",
      "80.12984228",
      "83.10183853",
      "82.67971308",
      "82.59341791",
      "82.64234014",
      "81.91408232",
      "82.36885018",
      "80.84134964",
      "80.75565777",
      "81.75260531",
      "80.19005718",
      "81.37282665",
      "81.04245453",
      "81.32192176"
    ],
    "count": 23,
    "create_time": 1774696017,
    "update_time": 1774696017,
    "_id": "doc-c68a9630007a7f26ed6991554c7295df"
  },
  "doc-431dabcfc049286c1e1af900d0f23370": {
    "entity_names": [
      "80.71875852",
      "80.99297519",
      "81.38857295",
      "80.98621911",
      "78.62740132",
      "81.08512036",
      "80.91227276",
      "80.0322621",
      "81.42361625",
      "81.23527679",
      "80.12103248",
      "78.17598734",
      "79.11359324",
      "78.64264138",
      "81.38820091",
      "80.73795859",
      "79.32619587",
      "80.26667316",
      "AUT",
      "80.39157197",
      "81.64847998",
      "78.70354232",
      "79.80520182"
    ],
    "count": 23,
    "create_time": 1774696024,
    "update_time": 1774696024,
    "_id": "doc-431dabcfc049286c1e1af900d0f23370"
  },