{
  "doc-8806cb1f0242d39a89080d54d44c8be1": {
    "relation_pairs": [
      [
        "56.79050349",
        "AFG"
      ],
      [
        "56.992143",
        "AFG"
      ],
      [
        "60.48797975",
        "AFG"
      ],
      [
        "56.47652053",
        "AFG"
      ],
      [
        "60.39366208",
        "AFG"
      ],
      [
        "58.52946588",
        "AFG"
      ],
      [
        "60.43497705",
        "AFG"
      ],
      [
        "61.22381311",
        "AFG"
      ],
      [
        "60.42859204",
        "AFG"
      ],
      [
        "60.49099642",
        "AFG"
      ],
      [
        "53.91018761",
        "AFG"
      ],
      [
        "59.92210578",
        "AFG"
      ],
      [
        "56.08520691",
        "AFG"
      ],
      [
        "57.2548387",
        "AFG"
      ],
      [
        "59.00377167",
        "AFG"
      ],
      [
        "60.32951348",
        "AFG"
      ],
      [
        "57.9008556",
        "AFG"
      ],
      [
        "59.54863714",
        "AFG"
      ],
      [
        "55.15447775",
        "AFG"
      ],
      [
        "59.12690224",
        "AFG"
      ],
      [
        "60.8752198",
        "AFG"
      ],
      [
        "53.82332641",
        "AFG"
      ]
    ],
    "count": 22,
    "create_time": 1774695948,
    "update_time": 1774695948,
    "_id": "doc-8806cb1f0242d39a89080d54d44c8be1"
  },
  "doc-ac0a854cb770624611b6d370fe0ea6a8": {
    "relation_pairs": [
      [
        "60.93267407",
        "AFR"
      ],
      [
        "55.63713976",
        "AFR"
      ],
      [
        "56.4398241",
        "AFR"
      ],
      [
        "63.55243899",
        "AFR"
      ],
      [
        "62.45046693",
        "AFR"
      ],
      [
        "58.09440209",
        "AFR"
      ],
      [
        "61.97191179",
        "AFR"
      ],
      [
        "57.29451181",
        "AFR"
      ],
      [
        "63.77580177",
        "AFR"
      ],
      [
        "54.27104176",
        "AFR"
      ],
      [
        "53.46919051",
        "AFR"
      ],
      [
        "62.92447284",
        "AFR"
      ],
      [
        "60.26246615",
        "AFR"
      ],
      [
        "64.16988115",
        "AFR"
      ],
      [
        "61.51649833",
        "AFR"
      ],
      [
        "59.57096304",
        "AFR"
      ],
      [
        "63.36220568",
        "AFR"
      ],
      [
        "52.98151168",
        "AFR"
      ],
      [
        "58.84133306",
        "AFR"
      ],
      [
        "63.96143556",
        "AFR"
      ],
      [
        "53.8387504",
        "AFR"
      ],
      [
        "54.8859284",
        "AFR"
      ]
    ],
    "count": 22,
    "create_time": 1774695956,
    "update_time": 1774695956,
    "_id": "doc-ac0a854cb770624611b6d370fe0ea6a8"
  },
  "doc-c031d9399f78a3df4465d1c247ac86a2": {
    "relation_pairs": [
      [
        "62.03682911",
        "AGO"
      ],
      [
        "62.49147407",
        "AGO"
      ],
      [
        "61.59307464",
        "AGO"
      ],
      [
        "61.84956314",
        "AGO"
      ],
      [
        "50.06036648",
        "AGO"
      ],
      [
        "61.13534716",
        "AGO"
      ],
      [
        "57.07394875",
        "AGO"
      ],
      [
        "60.21682799",
        "AGO"
      ],
      [
        "62.13113467",
        "AGO"
      ],
      [
        "52.3558271",
        "AGO"
      ],
      [
        "62.64827403",
        "AGO"
      ],
      [
        "53.34585395",
        "AGO"
      ],
      [
        "54.27926946",
        "AGO"
      ],
      [
        "56.22016209",
        "AGO"
      ],
      [
        "58.75334146",
        "AGO"
      ],
      [
        "57.96461105",
        "AGO"
      ],
      [
        "51.74053195",
        "AGO"
      ],
      [
        "49.36774351",
        "AGO"
      ],
      [
        "55.35489997",
        "AGO"
      ],
      [
        "62.27158067",
        "AGO"
      ],
      [
        "59.46233734",
        "AGO"
      ],
      [
        "51.05750193",
        "AGO"
      ]
    ],
    "count": 22,
    "create_time": 1774695963,
    "update_time": 1774695963,
    "_id": "doc-c031d9399f78a3df4465d1c247ac86a2"
  },
  "doc-4c1c939aedd546d74b9dd465ddca0281": {
    "relation_pairs": [
      [
        "76.04202157",
        "ALB"
      ],
      [
        "76.21290189",
        "ALB"
      ],
      [
        "74.20683098",
        "ALB"
      ],
      [
        "77.91038596",
        "ALB"
      ],
      [
        "77.77410839",
        "ALB"
      ],
      [
        "73.68285742",
        "ALB"
      ],
      [
        "74.22366059",
        "ALB"
      ],
      [
        "76.53104591",
        "ALB"
      ],
      [
        "76.39089034",
        "ALB"
      ],
      [
        "75.55770059",
        "ALB"
      ],
      [
        "77.93851855",
        "ALB"
      ],
      [
        "75.48885772",
        "ALB"
      ],
      [
        "77.87870915",
        "ALB"
      ],
      [
        "74.9883157",
        "ALB"
      ],
      [
        "78.01445206",
        "ALB"
      ],
      [
        "77.34194982",
        "ALB"
      ],
      [
        "74.53678554",
        "ALB"
      ],
      [
        "76.61868023",
        "ALB"
      ],
      [
        "75.42557931",
        "ALB"
      ],
      [
        "77.9406744",
        "ALB"
      ],
      [
        "77.76638448",
        "ALB"
      ],
      [
        "74.94215534",
        "ALB"
      ]
    ],
    "count": 22,
    "create_time": 1774695969,
    "update_time": 1774695969,
    "_id": "doc-4c1c939aedd546d74b9dd465ddca0281"
  },
  "doc-da1495f6f5ab9677906f9fa4f1397319": {
    "relation_pairs": [
      [
        "75.0691549",
        "AMR"
      ],
      [
        "76.98308457",
        "AMR"
      ],
      [
        "75.62335043",
        "AMR"
      ],
      [
        "74.69714507",
        "AMR"
      ],
      [
        "76.62675954",
        "AMR"
      ],
      [
        "75.93790985",
        "AMR"
      ],
      [
        "76.79070798",
        "AMR"
      ],
      [
        "75.79804084",
        "AMR"
      ],
      [
        "74.0865499",
        "AMR"
      ],
      [
        "76.16933635",
        "AMR"
      ],
      [
        "74.11268797",
        "AMR"
      ],
      [
        "76.46212795",
        "AMR"
      ],
      [
        "76.73116014",
        "AMR"
      ],
      [
        "76.8394961",
        "AMR"
      ],
      [
        "76.83106727",
        "AMR"
      ],
      [
        "75.82834415",
        "AMR"
      ],
      [
        "74.50152763",
        "AMR"
      ],
      [
        "75.28865511",
        "AMR"
      ],
      [
        "75.07444467",
        "AMR"
      ],
      [
        "76.70935415",
        "AMR"
      ],
      [
        "77.07402622",
        "AMR"
      ],
      [
        "74.30398059",
        "AMR"
      ]
    ],
    "count": 22,
    "create_time": 1774695977,
    "update_time": 1774695977,
    "_id": "doc-da1495f6f5ab9677906f9fa4f1397319"
  },