{
  "doc-a587d74d071e517c0bffe6271889401e": {
    "relation_pairs": [
      [
        "97.1900024414062",
        "Argentina"
      ],
      [
        "99.1399993896484",
        "Argentina"
      ]
    ],
    "count": 2,
    "create_time": 1774866467,
    "update_time": 1774866467,
    "_id": "doc-a587d74d071e517c0bffe6271889401e"
  },
  "doc-eb2e81164256b5cce8b850b95584f7ec": {
    "relation_pairs": [
      [
        "90.0100021362305",
        "Brazil"
      ],
      [
        "90.379997253418",
        "Brazil"
      ],
      [
        "93.9019248012051",
        "Brazil"
      ],
      [
        "90.0400009155273",
        "Brazil"
      ],
      [
        "94.7576490611664",
        "Brazil"
      ],
      [
        "91.7300033569336",
        "Brazil"
      ],
      [
        "90.3000030517578",
        "Brazil"
      ],
      [
        "92.0500030517578",
        "Brazil"
      ],
      [
        "94.7848837154757",
        "Brazil"
      ],
      [
        "91.4800033569336",
        "Brazil"
      ],
      [
        "91.3399963378906",
        "Brazil"
      ],
      [
        "93.0800018310547",
        "Brazil"
      ],
      [
        "92.8099975585938",
        "Brazil"
      ],
      [
        "91.4100036621094",
        "Brazil"
      ],
      [
        "94.3853874531348",
        "Brazil"
      ],
      [
        "86.370002746582",
        "Brazil"
      ],
      [
        "93.2300033569336",
        "Brazil"
      ],
      [
        "88.620002746582",
        "Brazil"
      ],
      [
        "89.620002746582",
        "Brazil"
      ]
    ],
    "count": 19,
    "create_time": 1774866477,
    "update_time": 1774866477,
    "_id": "doc-eb2e81164256b5cce8b850b95584f7ec"
  },
  "doc-1267d1065a26ee664937ddfda435e939": {
    "relation_pairs": [
      [
        "90.9199981689453",
        "China"
      ],
      [
        "96.7399978637695",
        "China"
      ],
      [
        "95.120002746582",
        "China"
      ]
    ],
    "count": 3,
    "create_time": 1774866482,
    "update_time": 1774866482,
    "_id": "doc-1267d1065a26ee664937ddfda435e939"
  },
  "doc-98705ef936e29ab0fb75ae5216a130cd": {
    "relation_pairs": [
      [
        "93.379997253418",
        "Colombia"
      ],
      [
        "95.0899963378906",
        "Colombia"
      ],
      [
        "93.5800018310547",
        "Colombia"
      ],
      [
        "93.370002746582",
        "Colombia"
      ],
      [
        "95.6399993896484",
        "Colombia"
      ],
      [
        "94.6500015258789",
        "Colombia"
      ],
      [
        "94.8927138785262",
        "Colombia"
      ],
      [
        "92.3000030517578",
        "Colombia"
      ],
      [
        "92.8000030517578",
        "Colombia"
      ],
      [
        "94.1900024414062",
        "Colombia"
      ],
      [
        "92.8499984741211",
        "Colombia"
      ],
      [
        "92.6500015258789",
        "Colombia"
      ],
      [
        "95.3138834471897",
        "Colombia"
      ],
      [
        "95.666552016916",
        "Colombia"
      ],
      [
        "93.2399978637695",
        "Colombia"
      ]
    ],
    "count": 15,
    "create_time": 1774866490,
    "update_time": 1774866490,
    "_id": "doc-98705ef936e29ab0fb75ae5216a130cd"
  },
  "doc-b3ebd93da372256b4db850d13ac39d97": {
    "relation_pairs": [
      [
        "73.870002746582",
        "Egypt, Arab Rep."
      ],
      [
        "72.4400024414062",
        "Egypt, Arab Rep."
      ],
      [
        "72.0500030517578",
        "Egypt, Arab Rep."
      ],
      [
        "79.4565788949049",
        "Egypt, Arab Rep."
      ],
      [
        "67.3300018310547",
        "Egypt, Arab Rep."
      ],
      [
        "82.083331279425",
        "Egypt, Arab Rep."
      ],
      [
        "71.1699981689453",
        "Egypt, Arab Rep."
      ],
      [
        "66.370002746582",
        "Egypt, Arab Rep."
      ]
    ],
    "count": 8,
    "create_time": 1774866496,
    "update_time": 1774866496,
    "_id": "doc-b3ebd93da372256b4db850d13ac39d97"
  },
  "doc-6960b8604167985cb2072e59d1938f4d": {
    "relation_pairs": [
      [
        "69.3000030517578",
        "India"
      ],
      [
        "74.9084268267486",
        "India"
      ],
      [
        "69.8350587234791",
        "India"
      ],
      [
        "73.6975430256976",
        "India"
      ],
      [
        "76.3199996948242",
        "India"
      ],
      [
        "75.5437727049002",
        "India"
      ],
      [
        "76.0715766188242",
        "India"
      ],
      [
        "61.0099983215332",
        "India"
      ],
      [
        "68.3354718669705",
        "India"
      ]
    ],
    "count": 9,
    "create_time": 1774866504,
    "update_time": 1774866504,
    "_id": "doc-6960b8604167985cb2072e59d1938f4d"
  },
  "doc-87e70469cb16c567247021f5ba36b1eb": {
    "relation_pairs": [
      [
        "95.6600036621094",
        "Indonesia"
      ],
      [
        "92.3199996948242",
        "Indonesia"
      ],
      [
        "91.9800033569336",
        "Indonesia"
      ],
      [
        "92.5800018310547",
        "Indonesia"
      ],
      [
        "90.379997253418",
        "Indonesia"
      ],
      [
        "95.379997253418",
        "Indonesia"
      ],
      [
        "92.1900024414062",
        "Indonesia"
      ],
      [
        "95.120002746582",
        "Indonesia"
      ],
      [
        "92.8099975585938",
        "Indonesia"
      ],
      [
        "95.2200012207031",
        "Indonesia"
      ]
    ],
    "count": 10,
    "create_time": 1774866513,
    "update_time": 1774866513,
    "_id": "doc-87e70469cb16c567247021f5ba36b1eb"
  },
  "doc-d17b7658816d5025f420e18dce7e3d38": {
    "relation_pairs": [
      [
        "99.3499984741211",
        "Italy"
      ],
      [
        "98.8499984741211",
        "Italy"
      ],
      [
        "98.4199981689453",
        "Italy"
      ]
    ],
    "count": 3,
    "create_time": 1774866519,
    "update_time": 1774866519,
    "_id": "doc-d17b7658816d5025f420e18dce7e3d38"
  },
  "doc-e185e49fd230a9fa171e3e6a8c53144d": {
    "relation_pairs": [
      [
        "97.9700012207031",
        "Korea, Rep."
      ]
    ],
    "count": 1,
    "create_time": 1774866524,
    "update_time": 1774866524,
    "_id": "doc-e185e49fd230a9fa171e3e6a8c53144d"
  },
  "doc-127b71cf7c44760c462c7e5ff573f17a": {
    "relation_pairs": [
      [
        "95.7699966430664",
        "Malaysia"
      ],
      [
        "94.8499984741211",
        "Malaysia"
      ],
      [
        "94.9700012207031",
        "Malaysia"
      ],
      [
        "94.879997253418",
        "Malaysia"
      ],
      [
        "95.0800018310547",
        "Malaysia"
      ],
      [
        "88.6900024414062",
        "Malaysia"
      ],
      [
        "93.120002746582",
        "Malaysia"
      ]
    ],
    "count": 7,
    "create_time": 1774866530,
    "update_time": 1774866530,
    "_id": "doc-127b71cf7c44760c462c7e5ff573f17a"
  },