{
  "doc-a587d74d071e517c0bffe6271889401e": {
    "entity_names": [
      "97.1900024414062",
      "99.1399993896484",
      "Argentina"
    ],
    "count": 3,
    "create_time": 1774866467,
    "update_time": 1774866467,
    "_id": "doc-a587d74d071e517c0bffe6271889401e"
  },
  "doc-eb2e81164256b5cce8b850b95584f7ec": {
    "entity_names": [
      "91.4800033569336",
      "92.8099975585938",
      "94.3853874531348",
      "94.7576490611664",
      "90.0100021362305",
      "92.0500030517578",
      "91.7300033569336",
      "93.9019248012051",
      "94.7848837154757",
      "91.3399963378906",
      "88.620002746582",
      "Brazil",
      "90.379997253418",
      "91.4100036621094",
      "86.370002746582",
      "90.0400009155273",
      "93.0800018310547",
      "89.620002746582",
      "90.3000030517578",
      "93.2300033569336"
    ],
    "count": 20,
    "create_time": 1774866477,
    "update_time": 1774866477,
    "_id": "doc-eb2e81164256b5cce8b850b95584f7ec"
  },
  "doc-1267d1065a26ee664937ddfda435e939": {
    "entity_names": [
      "95.120002746582",
      "96.7399978637695",
      "China",
      "90.9199981689453"
    ],
    "count": 4,
    "create_time": 1774866482,
    "update_time": 1774866482,
    "_id": "doc-1267d1065a26ee664937ddfda435e939"
  },
  "doc-98705ef936e29ab0fb75ae5216a130cd": {
    "entity_names": [
      "93.5800018310547",
      "93.370002746582",
      "95.666552016916",
      "92.8000030517578",
      "95.6399993896484",
      "95.3138834471897",
      "94.8927138785262",
      "92.8499984741211",
      "94.1900024414062",
      "94.6500015258789",
      "92.6500015258789",
      "93.2399978637695",
      "Colombia",
      "92.3000030517578",
      "95.0899963378906",
      "93.379997253418"
    ],
    "count": 16,
    "create_time": 1774866490,
    "update_time": 1774866490,
    "_id": "doc-98705ef936e29ab0fb75ae5216a130cd"
  },
  "doc-b3ebd93da372256b4db850d13ac39d97": {
    "entity_names": [
      "71.1699981689453",
      "67.3300018310547",
      "Egypt, Arab Rep.",
      "82.083331279425",
      "79.4565788949049",
      "73.870002746582",
      "66.370002746582",
      "72.4400024414062",
      "72.0500030517578"
    ],
    "count": 9,
    "create_time": 1774866496,
    "update_time": 1774866496,
    "_id": "doc-b3ebd93da372256b4db850d13ac39d97"
  },
  "doc-6960b8604167985cb2072e59d1938f4d": {
    "entity_names": [
      "69.3000030517578",
      "74.9084268267486",
      "69.8350587234791",
      "75.5437727049002",
      "61.0099983215332",
      "76.3199996948242",
      "68.3354718669705",
      "76.0715766188242",
      "India",
      "73.6975430256976"
    ],
    "count": 10,
    "create_time": 1774866504,
    "update_time": 1774866504,
    "_id": "doc-6960b8604167985cb2072e59d1938f4d"
  },
  "doc-87e70469cb16c567247021f5ba36b1eb": {
    "entity_names": [
      "95.6600036621094",
      "91.9800033569336",
      "Indonesia",
      "95.2200012207031",
      "95.379997253418",
      "92.1900024414062",
      "92.3199996948242",
      "92.5800018310547"
    ],
    "count": 8,
    "create_time": 1774866513,
    "update_time": 1774866513,
    "_id": "doc-87e70469cb16c567247021f5ba36b1eb"
  },
  "doc-d17b7658816d5025f420e18dce7e3d38": {
    "entity_names": [
      "98.8499984741211",
      "98.4199981689453",
      "Italy",
      "99.3499984741211"
    ],
    "count": 4,
    "create_time": 1774866519,
    "update_time": 1774866519,
    "_id": "doc-d17b7658816d5025f420e18dce7e3d38"
  },
  "doc-e185e49fd230a9fa171e3e6a8c53144d": {
    "entity_names": [
      "Korea, Rep.",
      "97.9700012207031"
    ],
    "count": 2,
    "create_time": 1774866524,
    "update_time": 1774866524,
    "_id": "doc-e185e49fd230a9fa171e3e6a8c53144d"
  },
  "doc-127b71cf7c44760c462c7e5ff573f17a": {
    "entity_names": [
      "Malaysia",
      "88.6900024414062",
      "93.120002746582",
      "94.9700012207031",
      "94.879997253418",
      "95.7699966430664",
      "94.8499984741211",
      "95.0800018310547"
    ],
    "count": 8,
    "create_time": 1774866530,
    "update_time": 1774866530,
    "_id": "doc-127b71cf7c44760c462c7e5ff573f17a"
  },
  "doc-e1d86208c1f65267abbd3123fa74c19b": {
    "entity_names": [
      "95.8486603965766",
      "94.4700012207031",
      "90.9499969482422",
      "93.5199966430664",
      "91.629997253418",
      "93.4400024414062",
      "94.5599975585938",
      "94.2300033569336",
      "93.9599990844727",
      "95.6890981310362",
      "90.5400009155273",
      "93.0699996948242",
      "90.2699966430664",
      "92.9300003051758",
      "95.3889403219417",
      "94.8600006103516",
      "Mexico"
    ],
    "count": 17,
    "create_time": 1774866541,
    "update_time": 1774866541,
    "_id": "doc-e1d86208c1f65267abbd3123fa74c19b"
  },
  "doc-eff80d9736ea083d817aa4e5c0e6bb28": {
    "entity_names": [
      "Nigeria",
      "63.1599998474121",
      "54.7700004577637",
      "58.2200012207031",
      "70.1999969482422"
    ],
    "count": 5,
    "create_time": 1774866548,
    "update_time": 1774866548,
    "_id": "doc-eff80d9736ea083d817aa4e5c0e6bb28"
  },
  "doc-a122a7a28fb6089047af11f1f00bf106": {
    "entity_names": [
      "98.4700012207031",
      "96.2799987792969",
      "95.4199981689453",
      "Philippines",
      "98.1800003051758",
      "92.5899963378906",
      "92.5999984741211",
      "96.4000015258789",
      "97.0899963378906"
    ],
    "count": 9,
    "create_time": 1774866554,
    "update_time": 1774866554,
    "_id": "doc-a122a7a28fb6089047af11f1f00bf106"
  },
  "doc-793140efb29e889adde712402918fd48": {
    "entity_names": [
      "88.7200012207031",
      "92.879997253418",
      "93.0999984741211",
      "South Africa",
      "92.8899993896484",
      "91.7399978637695",
      "95.0199966430664",
      "94.1399993896484",
      "94.370002746582",
      "93.7300033569336"
    ],
    "count": 10,
    "create_time": 1774866561,
    "update_time": 1774866561,
    "_id": "doc-793140efb29e889adde712402918fd48"
  },
  "doc-8b0c1798596c73668e37f6b155a70d87": {
    "entity_names": [
      "92.870002746582",
      "91.2699966430664",
      "93.7699966430664",
      "91.0999984741211",
      "96.4300003051758",
      "93.5100021362305",
      "Thailand",
      "93.6999969482422"
    ],
    "count": 8,
    "create_time": 1774866569,
    "update_time": 1774866569,
    "_id": "doc-8b0c1798596c73668e37f6b155a70d87"
  },
  "doc-b73139be3b09f76b69977ede1b801363": {
    "entity_names": [
      "87.370002746582",
      "95.4400024414062",
      "Turkiye",
      "88.120002746582",
      "95.8600006103516",
      "92.6600036621094",
      "97.2600021362305",
      "88.2300033569336",
      "88.6600036621094",
      "95.2600021362305",
      "95.5999984741211",
      "90.8199996948242",
      "94.1100006103516",
      "96.1500015258789",
      "94.9199981689453"
    ],
    "count": 15,
    "create_time": 1774866578,
    "update_time": 1774866578,
    "_id": "doc-b73139be3b09f76b69977ede1b801363"
  },
  "doc-056e755348a7c80dcb47d56f3a5fcc62": {
    "entity_names": [
      "Viet Nam",
      "90.1600036621094",
      "96.129997253418"
    ],
    "count": 3,
    "create_time": 1774866583,
    "update_time": 1774866583,
    "_id": "doc-056e755348a7c80dcb47d56f3a5fcc62"
  }
}